#{"t_start": 1629471355.400735, "env_id": "gripper-env-v0"}
r,l,t
7696.53635,16,8.221135
10000.0,1,9.227725
10000.0,1,10.218985
7161.457169,23,14.685253
